{"mean": 124.07157127013421, "std": 75.97485671901313}